feature	importance
d__Bacteria;p__Verrucomicrobiota;c__Verrucomicrobiae;o__Pedosphaerales;f__Pedosphaeraceae;g__DEV114	0.04037293126390719
d__Bacteria;p__Firmicutes;c__Clostridia;o__Oscillospirales;f__Oscillospiraceae;g__Intestinimonas	0.03820355914741209
d__Bacteria;p__Fibrobacterota;c__Fibrobacteria;o__Fibrobacterales;f__Fibrobacteraceae;g__uncultured	0.03126334494695426
d__Bacteria;p__Cloacimonadota;c__Cloacimonadia;o__Cloacimonadales;f__SHA-41;g__SHA-41	0.02708793132547195
d__Archaea;p__Nanoarchaeota;c__Nanoarchaeia;o__Woesearchaeales;f__SCGC_AAA011-D5;g__SCGC_AAA011-D5	0.026948930754575637
d__Bacteria;p__Planctomycetota;c__Planctomycetes;o__Pirellulales;f__Pirellulaceae;g__uncultured	0.026361892725392144
d__Archaea;p__Halobacterota;c__Methanomicrobia;o__Methanomicrobiales;f__Methanoregulaceae;g__Methanolinea	0.02515588486026221
d__Bacteria;p__Chloroflexi;c__Dehalococcoidia;o__GIF9;f__AB-539-J10;g__AB-539-J10	0.022511005238262327
d__Bacteria;p__Firmicutes;c__Clostridia;o__Oscillospirales;f__Ruminococcaceae;g__uncultured	0.02066206679665982
d__Archaea;p__Thermoplasmatota;c__Thermoplasmata;o__Methanomassiliicoccales;f__Methanomassiliicoccaceae;g__uncultured	0.020613854581346732
d__Archaea;p__Iainarchaeota;c__Iainarchaeia;o__Iainarchaeales;f__Iainarchaeales;g__Candidatus_Iainarchaeum	0.02033577477147928
d__Bacteria;p__Patescibacteria;c__Gracilibacteria;o__Candidatus_Peregrinibacteria;f__Candidatus_Peregrinibacteria;g__Candidatus_Peregrinibacteria	0.019929379152567792
d__Bacteria;p__Chloroflexi;c__Anaerolineae;o__Anaerolineales;f__Anaerolineaceae;g__Pelolinea	0.01974000631694437
d__Bacteria;p__Proteobacteria;c__Alphaproteobacteria;o__Rhodospirillales;f__uncultured;g__uncultured	0.01878192094810392
d__Bacteria;p__Cloacimonadota;c__Cloacimonadia;o__Cloacimonadales;f__SHA-4;g__SHA-4	0.018672779793594448
d__Bacteria;p__Campilobacterota;c__Campylobacteria;o__Campylobacterales;f__Arcobacteraceae;g__uncultured	0.01857004558893632
d__Bacteria;p__Desulfobacterota;c__Desulfobulbia;o__Desulfobulbales;f__Desulfobulbaceae;g__Desulfobulbus	0.01760883709996697
d__Bacteria;p__Patescibacteria;c__Parcubacteria;o__Candidatus_Colwellbacteria;f__Candidatus_Colwellbacteria;g__Candidatus_Colwellbacteria	0.016059930844365005
d__Bacteria;p__Chloroflexi;c__Anaerolineae;o__Anaerolineales;f__Anaerolineaceae;g__Ornatilinea	0.01378384170053892
d__Bacteria;p__Verrucomicrobiota;c__Verrucomicrobiae;o__Opitutales;f__Puniceicoccaceae;__	0.01350982528300061
d__Archaea;p__Euryarchaeota;c__Methanobacteria;o__Methanobacteriales;f__Methanobacteriaceae;g__Methanobrevibacter	0.013113516818943615
d__Bacteria;p__Chloroflexi;c__Anaerolineae;o__Anaerolineales;f__Anaerolineaceae;g__Anaerolineaceae_UCG-001	0.0131114683714796
d__Bacteria;p__Desulfobacterota;c__Syntrophobacteria;o__Syntrophobacterales;f__Syntrophobacteraceae;g__Syntrophobacter	0.013013253440342414
d__Bacteria;p__Chloroflexi;c__Dehalococcoidia;o__RBG-13-46-9;f__RBG-13-46-9;g__RBG-13-46-9	0.012176404256066706
d__Bacteria;p__Firmicutes;c__Negativicutes;o__Veillonellales-Selenomonadales;f__Sporomusaceae;g__uncultured	0.011034944715315626
d__Bacteria;p__Firmicutes;c__Clostridia;o__Christensenellales;f__Christensenellaceae;g__uncultured	0.010415500896296238
d__Bacteria;p__Synergistota;c__Synergistia;o__Synergistales;f__Synergistaceae;g__JGI-0000079-D21	0.009855921866112278
d__Archaea;p__Halobacterota;c__Methanosarcinia;o__Methanosarciniales;f__Methanosaetaceae;g__Methanosaeta	0.009457948647666518
d__Bacteria;p__Firmicutes;c__Clostridia;o__Clostridia;f__Gracilibacteraceae;g__Lutispora	0.009453911342778476
d__Bacteria;p__Chloroflexi;c__Anaerolineae;o__Anaerolineales;f__Anaerolineaceae;g__Leptolinea	0.009294032600192934
d__Bacteria;p__Bacteroidota;c__Bacteroidia;o__Bacteroidales;f__Bacteroidaceae;g__Bacteroides	0.009251552353947338
d__Bacteria;p__Acidobacteriota;c__Holophagae;o__Subgroup_7;f__Subgroup_7;g__Subgroup_7	0.00913558601741341
d__Bacteria;p__Firmicutes;c__Clostridia;o__Lachnospirales;f__Lachnospiraceae;g__Frisingicoccus	0.00906730852792326
d__Bacteria;p__Bacteroidota;c__Bacteroidia;o__Bacteroidales;f__Rikenellaceae;g__uncultured	0.008943572469278653
d__Bacteria;p__Firmicutes;c__Clostridia;o__Peptostreptococcales-Tissierellales;f__Peptostreptococcales-Tissierellales;g__Tissierella	0.008587028963978989
d__Bacteria;p__Bacteroidota;c__Bacteroidia;o__Bacteroidales;f__Rikenellaceae;g__Anaerocella	0.008096113324253244
d__Bacteria;p__Bacteroidota;c__Bacteroidia;o__Bacteroidales;__;__	0.007379335930446282
d__Bacteria;p__Firmicutes;c__Bacilli;o__RF39;f__RF39;g__RF39	0.006798481908841727
d__Bacteria;p__Verrucomicrobiota;c__Lentisphaeria;o__Victivallales;f__Victivallaceae;g__Victivallaceae	0.006764974370165255
d__Bacteria;p__Proteobacteria;c__Gammaproteobacteria;o__Burkholderiales;f__Hydrogenophilaceae;g__Tepidiphilus	0.006684471419063607
d__Bacteria;p__Actinobacteriota;c__Coriobacteriia;o__Coriobacteriales;f__Coriobacteriales_Incertae_Sedis;g__uncultured	0.006642992099801652
d__Bacteria;p__Acidobacteriota;c__Subgroup_21;o__Subgroup_21;f__Subgroup_21;g__Subgroup_21	0.0060448484027144705
d__Bacteria;p__Bacteroidota;c__Bacteroidia;o__Sphingobacteriales;f__Lentimicrobiaceae;g__Lentimicrobiaceae	0.00597728958625835
d__Bacteria;p__Proteobacteria;c__Alphaproteobacteria;o__Azospirillales;f__Inquilinaceae;g__Inquilinus	0.005948122316494912
d__Bacteria;p__Proteobacteria;c__Alphaproteobacteria;o__Rhodospirillales;f__Rhodospirillaceae;g__Candidatus_Riegeria	0.005898125931853251
d__Bacteria;p__Firmicutes;c__Bacilli;o__Thermicanales;f__Thermicanaceae;g__Thermicanus	0.005732649596794223
d__Bacteria;p__Cloacimonadota;c__Cloacimonadia;o__Cloacimonadales;f__Cloacimonadaceae;g__W5	0.0056802537832649465
d__Bacteria;p__Caldatribacteriota;c__JS1;o__JS1;f__JS1;g__JS1	0.00550840274175252
d__Archaea;p__Thermoplasmatota;c__Thermoplasmata;o__Methanomassiliicoccales;f__Methanomassiliicoccaceae;g__Methanomassiliicoccus	0.00549167273884866
d__Bacteria;p__Patescibacteria;c__Parcubacteria;__;__;__	0.005237532942989433
d__Bacteria;p__Firmicutes;c__Clostridia;o__Clostridia;f__Hungateiclostridiaceae;g__HN-HF0106	0.004818989112271551
d__Bacteria;p__Bacteroidota;c__Bacteroidia;o__Bacteroidales;f__Rikenellaceae;g__Rikenellaceae	0.004761103645615181
d__Bacteria;p__Patescibacteria;c__ABY1;o__Candidatus_Komeilibacteria;f__Candidatus_Komeilibacteria;g__Candidatus_Komeilibacteria	0.004715006652257844
d__Archaea;p__Euryarchaeota;c__Methanobacteria;o__Methanobacteriales;f__Methanobacteriaceae;g__Methanobacterium	0.004679841621109363
d__Bacteria;p__Firmicutes;c__Negativicutes;o__Veillonellales-Selenomonadales;f__Selenomonadaceae;__	0.004476278343136595
d__Bacteria;p__Planctomycetota;c__Phycisphaerae;o__MSBL9;f__KCLunmb-38-53;g__KCLunmb-38-53	0.004452831044840527
d__Bacteria;p__Desulfobacterota;c__Desulfovibrionia;o__Desulfovibrionales;f__Desulfomicrobiaceae;g__Desulfomicrobium	0.004427545144441136
d__Bacteria;p__WOR-1;c__WOR-1;o__WOR-1;f__WOR-1;g__WOR-1	0.00438795071229939
d__Bacteria;p__Verrucomicrobiota;c__Verrucomicrobiae;o__LD1-PB3;f__LD1-PB3;g__LD1-PB3	0.004361397790391643
d__Bacteria;p__Verrucomicrobiota;c__Lentisphaeria;o__Oligosphaerales;f__Oligosphaeraceae;g__Z20	0.004345055788533844
d__Bacteria;p__Proteobacteria;c__Alphaproteobacteria;o__Rhodospirillales;f__Magnetospiraceae;g__Magnetospiraceae	0.004322750019890502
d__Bacteria;p__Proteobacteria;c__Gammaproteobacteria;o__Halothiobacillales;f__Halothiobacillaceae;g__Halothiobacillus	0.004309758638525413
d__Bacteria;p__Firmicutes;c__Clostridia;o__Eubacteriales;f__Eubacteriaceae;g__uncultured	0.0041814698951909346
d__Bacteria;p__Patescibacteria;c__Parcubacteria;o__Parcubacteria;f__Parcubacteria;g__Parcubacteria	0.0041684946524183095
d__Archaea;p__Nanoarchaeota;c__Nanoarchaeia;o__Woesearchaeales;f__Woesearchaeales;g__Woesearchaeales	0.004119415374594252
d__Bacteria;p__Thermotogota;c__Thermotogae;o__Petrotogales;f__Petrotogaceae;g__Defluviitoga	0.004097141601375329
d__Bacteria;p__Cloacimonadota;c__Cloacimonadia;o__Cloacimonadales;f__Cloacimonadaceae;g__LNR_A2-18	0.0040402710946187805
d__Bacteria;p__Synergistota;c__Synergistia;o__Synergistales;f__Synergistaceae;g__Lactivibrio	0.00399818727254021
d__Bacteria;p__Planctomycetota;c__Phycisphaerae;o__MSBL9;f__MSBL9;g__MSBL9	0.003975807221710274
d__Bacteria;p__Firmicutes;c__D8A-2;o__D8A-2;f__D8A-2;g__D8A-2	0.003943445802626866
d__Bacteria;p__Dependentiae;c__Babeliae;o__Babeliales;f__Babeliales;g__Babeliales	0.003890593367915468
d__Bacteria;p__Desulfobacterota;c__Syntrophia;o__Syntrophales;f__Smithellaceae;g__Smithella	0.003881471373659925
d__Bacteria;p__Firmicutes;c__Syntrophomonadia;o__Syntrophomonadales;f__Syntrophomonadaceae;g__Syntrophomonas	0.0038041136531099555
d__Archaea;p__Halobacterota;c__Methanosarcinia;o__Methanosarciniales;f__Methanosarcinaceae;g__Methanomethylovorans	0.0037418496042976724
d__Bacteria;p__Firmicutes;c__Clostridia;o__Clostridia_vadinBB60_group;f__Clostridia_vadinBB60_group;g__Clostridia_vadinBB60_group	0.003707458924588536
d__Bacteria;p__Actinobacteriota;c__Coriobacteriia;o__OPB41;f__OPB41;g__OPB41	0.003622532842049291
d__Bacteria;p__Firmicutes;c__Syntrophomonadia;o__Syntrophomonadales;f__Syntrophomonadaceae;g__Syntrophomonadaceae	0.0036206867869412007
d__Bacteria;p__Bdellovibrionota;c__Oligoflexia;o__053A03-B-DI-P58;f__053A03-B-DI-P58;g__053A03-B-DI-P58	0.0034005248162021213
d__Bacteria;p__Synergistota;c__Synergistia;o__Synergistales;f__Synergistaceae;g__Acetomicrobium	0.0033480317605365105
d__Bacteria;p__Chloroflexi;c__Anaerolineae;o__Anaerolineales;f__Anaerolineaceae;g__uncultured	0.003332718952933371
d__Bacteria;p__Elusimicrobiota;c__Endomicrobia;o__Endomicrobiales;f__Endomicrobiaceae;g__Endomicrobium	0.003272935708249906
d__Bacteria;p__Nitrospirota;c__Thermodesulfovibrionia;o__uncultured;f__uncultured;g__uncultured	0.003124103899369793
d__Archaea;p__Halobacterota;c__Methanomicrobia;o__Methanomicrobiales;f__Methanomicrobiales;g__uncultured	0.0030584430328880314
d__Bacteria;p__Patescibacteria;c__Microgenomatia;o__Candidatus_Woesebacteria;f__Candidatus_Woesebacteria;g__Candidatus_Woesebacteria	0.002982971385403583
d__Bacteria;p__Nitrospirota;c__4-29-1;o__4-29-1;f__4-29-1;g__4-29-1	0.002901615044844074
d__Bacteria;p__Acidobacteriota;c__Acidobacteriae;o__Bryobacterales;f__Bryobacteraceae;g__Bryobacter	0.002837765703058722
d__Bacteria;p__Proteobacteria;c__Gammaproteobacteria;o__Coxiellales;f__Coxiellaceae;g__Coxiella	0.0028249920177334186
d__Bacteria;p__Bacteroidota;c__Bacteroidia;o__Bacteroidales;f__Dysgonomonadaceae;g__Petrimonas	0.002751573412744767
d__Bacteria;p__Desulfobacterota;c__Desulfomonilia;o__Desulfomonilales;f__Desulfomonilaceae;g__Desulfomonile	0.0027247594823756813
d__Bacteria;p__Chloroflexi;c__Dehalococcoidia;o__Dehalococcoidales;f__Dehalococcoidaceae;g__Dehalococcoides	0.0026729842777409047
d__Bacteria;p__Planctomycetota;c__vadinHA49;o__vadinHA49;f__vadinHA49;g__vadinHA49	0.0026658605854030545
d__Bacteria;p__Campilobacterota;c__Campylobacteria;o__Campylobacterales;f__Helicobacteraceae;g__Wolinella	0.002536595824218709
d__Bacteria;p__Firmicutes;c__Clostridia;o__Monoglobales;f__Monoglobaceae;g__Monoglobus	0.002485633629329671
d__Bacteria;p__Firmicutes;c__Limnochordia;o__MBA03;f__MBA03;g__MBA03	0.002435144339150305
d__Bacteria;p__Chloroflexi;c__Dehalococcoidia;o__FW22;f__FW22;g__FW22	0.002420270692798695
d__Bacteria;p__Proteobacteria;c__Gammaproteobacteria;o__Xanthomonadales;f__Xanthomonadaceae;g__Pseudoxanthomonas	0.002393810912641281
d__Bacteria;p__Patescibacteria;c__Saccharimonadia;o__Saccharimonadales;f__Saccharimonadaceae;g__Candidatus_Saccharimonas	0.002379307220543487
d__Bacteria;p__Bacteroidota;c__Bacteroidia;o__Bacteroidales;f__Dysgonomonadaceae;g__uncultured	0.002333027023410574
d__Bacteria;p__Firmicutes;c__Clostridia;o__Clostridiales;f__Clostridiaceae;g__Clostridium_sensu_stricto_8	0.0023304001454285883
d__Bacteria;p__Firmicutes;c__Desulfotomaculia;o__Desulfotomaculales;f__Desulfotomaculales;g__Cryptanaerobacter	0.00230429874444765
d__Archaea;p__Asgardarchaeota;c__Lokiarchaeia;o__Lokiarchaeia;f__Lokiarchaeia;g__Lokiarchaeia	0.0022290228484397024
d__Bacteria;p__Proteobacteria;c__Gammaproteobacteria;o__Methylococcales;f__Methylomonadaceae;__	0.0022250693140660476
d__Bacteria;p__Firmicutes;c__Clostridia;o__Peptostreptococcales-Tissierellales;f__Anaerovoracaceae;g__uncultured	0.002196827035016247
d__Bacteria;p__Bacteroidota;c__Kryptonia;o__Kryptoniales;f__BSV26;g__BSV26	0.0021902126748282605
d__Bacteria;p__Actinobacteriota;c__Coriobacteriia;o__Coriobacteriales;f__Coriobacteriales_Incertae_Sedis;g__Raoultibacter	0.002176335051011935
d__Bacteria;p__Verrucomicrobiota;c__Lentisphaeria;o__Victivallales;f__Victivallaceae;g__Victivallis	0.002164319149139922
d__Bacteria;p__Proteobacteria;c__Alphaproteobacteria;o__Acetobacterales;f__Acetobacterales;g__Acetobacterales	0.0021364879039791865
d__Bacteria;p__Caldisericota;c__Caldisericia;o__Caldisericales;f__WCHB1-02;g__WCHB1-02	0.002119894752619111
d__Bacteria;p__Bacteroidota;c__Bacteroidia;o__Bacteroidales;f__p-251-o5;g__p-251-o5	0.0020585755968383283
d__Bacteria;p__Bacteroidota;c__Kapabacteria;o__Kapabacteriales;f__Kapabacteriales;g__Kapabacteriales	0.0020265786245550316
d__Bacteria;p__Verrucomicrobiota;c__Verrucomicrobiae;o__Opitutales;f__Puniceicoccaceae;g__Verruc-01	0.001975086205795422
d__Archaea;p__Crenarchaeota;c__Methanomethylicia;o__Methanomethyliales;f__Methanomethyliaceae;g__Candidatus_Methanomethylicus	0.001972483011961058
d__Bacteria;p__Thermotogota;c__Thermotogae;o__Kosmotogales;f__Kosmotogaceae;g__Mesotoga	0.0018539390556136562
d__Bacteria;p__Actinobacteriota;c__Actinobacteria;o__Actinomycetales;f__Actinomycetaceae;g__Actinomyces	0.0018293533059202149
d__Bacteria;p__Acidobacteriota;c__c5LKS83;o__c5LKS83;f__c5LKS83;g__c5LKS83	0.0018103584979142584
d__Bacteria;p__Planctomycetota;c__Pla4_lineage;o__Pla4_lineage;f__Pla4_lineage;g__Pla4_lineage	0.0018058613406021567
d__Bacteria;p__Spirochaetota;c__Spirochaetia;o__Spirochaetales;f__Spirochaetaceae;g__Treponema	0.0017823725753611077
d__Bacteria;p__Cloacimonadota;c__Cloacimonadia;o__Cloacimonadales;f__Cloacimonadaceae;__	0.001741816620329098
d__Bacteria;p__Bdellovibrionota;c__Bdellovibrionia;o__Bdellovibrionales;f__Bdellovibrionaceae;g__Bdellovibrio	0.001704011671619843
d__Bacteria;p__Chloroflexi;c__Anaerolineae;o__Anaerolineales;f__Anaerolineaceae;__	0.0016529996275476049
d__Bacteria;p__Firmicutes;c__Clostridia;__;__;__	0.001627154314955557
d__Bacteria;p__Armatimonadota;c__uncultured;o__uncultured;f__uncultured;g__uncultured	0.0016131931749990157
d__Bacteria;p__TA06;c__TA06;o__TA06;f__TA06;g__TA06	0.0015579028841986695
d__Bacteria;p__Planctomycetota;c__Planctomycetes;o__Planctomycetales;f__uncultured;g__uncultured	0.0015385201385126944
d__Archaea;p__Halobacterota;c__Methanomicrobia;o__Methanomicrobiales;f__Methanospirillaceae;g__Methanospirillum	0.0015277695629647068
d__Bacteria;p__Acidobacteriota;c__Thermoanaerobaculia;o__Thermoanaerobaculales;f__Thermoanaerobaculaceae;g__TPD-58	0.0014700033378362925
d__Bacteria;p__Firmicutes;c__Clostridia;o__Lachnospirales;f__Lachnospiraceae;g__Lachnospiraceae_NK3A20_group	0.0014448850193938348
d__Bacteria;p__Patescibacteria;c__Berkelbacteria;o__Berkelbacteria;f__Berkelbacteria;g__Berkelbacteria	0.0014275185935937547
d__Bacteria;p__Proteobacteria;c__Alphaproteobacteria;o__Reyranellales;f__Reyranellaceae;g__Reyranella	0.001368897179073912
d__Bacteria;p__Firmicutes;c__Bacilli;o__Izemoplasmatales;f__Izemoplasmataceae;g__Izemoplasmataceae	0.0013469872328142644
d__Bacteria;p__Caldisericota;c__Caldisericia;o__Caldisericales;f__LF045;g__LF045	0.0013259721509093114
d__Bacteria;p__Actinobacteriota;c__Actinobacteria;o__Micrococcales;f__Bogoriellaceae;g__Georgenia	0.001321367228838288
d__Bacteria;p__Bacteroidota;c__Ignavibacteria;o__Ignavibacteriales;f__Melioribacteraceae;g__IheB3-7	0.0012445563330545748
d__Bacteria;p__Bacteroidota;c__Bacteroidia;o__Bacteroidales;f__Prolixibacteraceae;g__Roseimarinus	0.0012185515841719816
d__Bacteria;p__Acidobacteriota;c__Aminicenantia;o__Aminicenantales;f__Aminicenantales;g__Aminicenantales	0.0011925115008258882
d__Bacteria;p__Firmicutes;c__Clostridia;o__Peptostreptococcales-Tissierellales;f__Anaerovoracaceae;__	0.0011721094440802964
d__Bacteria;p__Planctomycetota;c__Phycisphaerae;o__Phycisphaerales;f__AKAU3564_sediment_group;g__AKAU3564_sediment_group	0.0011694826617489116
d__Bacteria;p__Spirochaetota;c__MVP-15;o__MVP-15;f__MVP-15;g__MVP-15	0.001165828056911081
d__Bacteria;p__Bacteroidota;c__Bacteroidia;o__Bacteroidales;f__Marinilabiliaceae;g__uncultured	0.0011598900439423957
d__Bacteria;p__Synergistota;c__Synergistia;o__Synergistales;f__Synergistaceae;g__Aminiphilus	0.0011558826004946872
d__Bacteria;p__Bacteroidota;c__Bacteroidia;o__Sphingobacteriales;f__Lentimicrobiaceae;g__Lentimicrobium	0.0011402550281703135
d__Bacteria;p__Chloroflexi;c__Anaerolineae;o__SJA-15;f__SJA-15;g__SJA-15	0.0011255615442844862
d__Archaea;p__Crenarchaeota;c__Bathyarchaeia;o__Bathyarchaeia;f__Bathyarchaeia;g__Bathyarchaeia	0.001096824160152342
d__Bacteria;p__Proteobacteria;c__Gammaproteobacteria;o__Pseudomonadales;f__Pseudomonadaceae;g__Thiopseudomonas	0.0010858444972635553
d__Bacteria;p__Firmicutes;c__Clostridia;o__Oscillospirales;f__uncultured;g__uncultured	0.0010700274119966136
d__Bacteria;p__Synergistota;c__Synergistia;o__Synergistales;f__Synergistaceae;g__uncultured	0.0010421184944232485
d__Bacteria;p__Firmicutes;c__Clostridia;o__Oscillospirales;f__Oscillospiraceae;g__Papillibacter	0.0010083808504765715
d__Bacteria;p__Firmicutes;c__Clostridia;o__Oscillospirales;f__Oscillospiraceae;g__NK4A214_group	0.0009939768380013497
d__Bacteria;p__Verrucomicrobiota;c__Lentisphaeria;o__Victivallales;f__vadinBE97;g__vadinBE97	0.000983853434676857
d__Bacteria;p__Campilobacterota;c__Campylobacteria;o__Campylobacterales;f__uncultured;g__uncultured	0.0009748516101069257
d__Bacteria;p__Bacteroidota;c__Bacteroidia;o__Bacteroidales;f__Prolixibacteraceae;g__uncultured	0.0009725361507063929
d__Bacteria;p__Planctomycetota;c__Planctomycetes;o__Pirellulales;f__Pirellulaceae;g__Pir4_lineage	0.0009611705040980454
d__Bacteria;p__Chloroflexi;c__Anaerolineae;o__Anaerolineales;f__Anaerolineaceae;g__Levilinea	0.0009443528701290415
d__Bacteria;p__Firmicutes;c__BRH-c20a;o__BRH-c20a;f__BRH-c20a;g__BRH-c20a	0.0009424757383716809
d__Bacteria;p__WS1;c__WS1;o__WS1;f__WS1;g__WS1	0.00093206112516991
d__Bacteria;p__Campilobacterota;c__Campylobacteria;o__Campylobacterales;f__Sulfurovaceae;g__Sulfurovum	0.0009180236992198265
d__Bacteria;p__Hydrogenedentes;c__Hydrogenedentia;o__Hydrogenedentiales;f__Hydrogenedensaceae;g__Hydrogenedensaceae	0.0009173395513720369
d__Bacteria;p__Verrucomicrobiota;c__Verrucomicrobiae;o__Pedosphaerales;f__Pedosphaeraceae;g__ADurb.Bin063-1	0.0008925145067448209
d__Bacteria;p__Bacteroidota;c__Bacteroidia;o__Bacteroidales;f__Dysgonomonadaceae;g__Proteiniphilum	0.0008319148932159872
d__Bacteria;p__Firmicutes;c__Bacilli;o__Erysipelotrichales;f__Erysipelotrichaceae;g__Catenisphaera	0.000822178570602213
d__Bacteria;p__Acidobacteriota;c__Subgroup_18;o__Subgroup_18;f__Subgroup_18;g__Subgroup_18	0.0008040951517877957
d__Bacteria;p__Proteobacteria;c__Alphaproteobacteria;o__Sphingomonadales;f__Sphingomonadaceae;g__Sphingobium	0.0007974689099665711
d__Bacteria;p__Verrucomicrobiota;c__Lentisphaeria;o__Victivallales;f__PRD18C08;g__PRD18C08	0.0007611535387856662
d__Bacteria;p__Firmicutes;c__Limnochordia;o__Limnochordia;f__Limnochordia;g__Hydrogenispora	0.0007556143201598521
d__Bacteria;p__Bacteroidota;c__SJA-28;o__SJA-28;f__SJA-28;g__SJA-28	0.0007389710091393612
d__Bacteria;p__Proteobacteria;c__Gammaproteobacteria;o__Burkholderiales;f__Comamonadaceae;g__Rhodoferax	0.0007238255857178931
d__Bacteria;p__Synergistota;c__Synergistia;o__Synergistales;f__Synergistaceae;g__Syner-01	0.0006977425576211876
d__Bacteria;p__Verrucomicrobiota;c__Chlamydiae;o__LD1-PA32;f__LD1-PA32;g__LD1-PA32	0.0006972804485523319
d__Bacteria;p__Patescibacteria;c__ABY1;o__Candidatus_Magasanikbacteria;f__Candidatus_Magasanikbacteria;g__Candidatus_Magasanikbacteria	0.0006876828853214904
d__Bacteria;p__Armatimonadota;c__Fimbriimonadia;o__Fimbriimonadales;f__Fimbriimonadaceae;g__Fimbriimonadaceae	0.0006654337837979886
d__Bacteria;p__Firmicutes;c__Clostridia;o__Oscillospirales;f__Ruminococcaceae;g__Ruminococcus	0.0006485324818059709
d__Bacteria;p__Verrucomicrobiota;c__Lentisphaeria;o__Oligosphaerales;f__Lenti-02;g__Lenti-02	0.0006125491390790062
d__Bacteria;p__Firmicutes;c__Clostridia;o__Caldicoprobacterales;f__Caldicoprobacteraceae;g__Caldicoprobacter	0.0005918123477817103
d__Bacteria;p__Chloroflexi;c__Anaerolineae;o__Anaerolineales;f__Anaerolineaceae;g__Flexilinea	0.0005665135391054393
d__Bacteria;p__Desulfobacterota;c__Syntrophia;o__Syntrophales;f__Syntrophaceae;g__Syntrophus	0.0005559519774263775
d__Bacteria;p__Firmicutes;c__uncultured;o__uncultured;f__uncultured;g__uncultured	0.0005357027265259535
d__Bacteria;p__Bacteroidota;c__Bacteroidia;o__Bacteroidales;f__Bacteroidales_UCG-001;g__Bacteroidales_UCG-001	0.0005347444111350154
d__Bacteria;p__Patescibacteria;c__Parcubacteria;o__Candidatus_Yanofskybacteria;f__Candidatus_Yanofskybacteria;g__Candidatus_Yanofskybacteria	0.0005170574596890595
d__Bacteria;p__Chloroflexi;c__Anaerolineae;o__Anaerolineales;f__Anaerolineaceae;g__Anaerolinea	0.0005108944975933395
d__Bacteria;p__Firmicutes;c__Clostridia;o__Peptococcales;f__Peptococcaceae;g__uncultured	0.0005084698366495439
d__Bacteria;p__Actinobacteriota;c__Thermoleophilia;o__Gaiellales;f__uncultured;g__uncultured	0.0004936428927840579
d__Bacteria;p__Thermotogota;c__Thermotogae;o__Petrotogales;f__Petrotogaceae;g__AUTHM297	0.0004873113050327719
d__Bacteria;p__Proteobacteria;c__Alphaproteobacteria;o__Sphingomonadales;f__Sphingomonadaceae;g__Polymorphobacter	0.00047572578161195824
d__Bacteria;p__Patescibacteria;c__Parcubacteria;o__Candidatus_Moranbacteria;f__Candidatus_Moranbacteria;g__Candidatus_Moranbacteria	0.0004632824670878254
d__Bacteria;p__Planctomycetota;c__Phycisphaerae;o__MSBL9;f__SG8-4;g__SG8-4	0.0004434712812857855
d__Bacteria;p__Desulfobacterota;c__Desulfuromonadia;o__Desulfuromonadia;f__Desulfuromonadaceae;g__Desulfuromonas	0.0004373691128525629
d__Bacteria;p__Proteobacteria;c__Gammaproteobacteria;o__Pseudomonadales;f__Pseudomonadaceae;g__Pseudomonas	0.00041452977328131215
d__Bacteria;p__Proteobacteria;c__Alphaproteobacteria;o__uncultured;f__uncultured;g__uncultured	0.00041266412505619227
d__Bacteria;p__Firmicutes;c__Bacilli;o__Lactobacillales;f__Carnobacteriaceae;g__Trichococcus	0.0004067708434680582
d__Archaea;p__Halobacterota;c__Methanomicrobia;o__Methanomicrobiales;f__Methanomicrobiaceae;g__Methanoculleus	0.00037996169824168995
d__Bacteria;p__Firmicutes;c__Clostridia;o__Clostridia;f__Hungateiclostridiaceae;g__uncultured	0.00037327682206559466
d__Bacteria;p__Marinimicrobia_(SAR406_clade);c__Marinimicrobia_(SAR406_clade);o__Marinimicrobia_(SAR406_clade);f__Marinimicrobia_(SAR406_clade);g__Marinimicrobia_(SAR406_clade)	0.0003657106183647102
d__Bacteria;p__Proteobacteria;c__Gammaproteobacteria;o__Burkholderiales;f__Comamonadaceae;__	0.00036155789932565386
d__Bacteria;p__Firmicutes;c__Negativicutes;o__Acidaminococcales;f__Acidaminococcaceae;g__uncultured	0.00035026547921550126
d__Bacteria;p__Proteobacteria;c__Alphaproteobacteria;o__Rhizobiales;f__Rhizobiales_Incertae_Sedis;g__uncultured	0.00034129725427103663
d__Bacteria;p__Thermotogota;c__Thermotogae;o__Petrotogales;f__Petrotogaceae;g__SC103	0.0003228862071060813
d__Bacteria;p__Bacteroidota;c__Bacteroidia;o__Bacteroidales;f__FTLpost3;g__FTLpost3	0.0003160185983321042
d__Bacteria;p__Bacteroidota;c__Bacteroidia;o__Bacteroidales;f__M2PB4-65_termite_group;g__M2PB4-65_termite_group	0.0003110312854437116
d__Bacteria;p__Bacteroidota;c__Kryptonia;o__Kryptoniales;f__MSB-3C8;g__MSB-3C8	0.0003065835959557655
d__Bacteria;p__Firmicutes;c__Desulfotomaculia;o__Desulfotomaculales;f__Desulfotomaculales;g__Pelotomaculum	0.0003037095528616801
d__Bacteria;p__Bacteroidota;c__Bacteroidia;o__Bacteroidales;f__Paludibacteraceae;g__uncultured	0.0002912481064033013
d__Bacteria;p__Desulfobacterota;c__Syntrophorhabdia;o__Syntrophorhabdales;f__Syntrophorhabdaceae;g__Syntrophorhabdus	0.0002897789421833114
d__Bacteria;p__Sumerlaeota;c__Sumerlaeia;o__Sumerlaeales;f__Sumerlaeaceae;g__Sumerlaea	0.000281869258965199
d__Bacteria;p__MBNT15;c__MBNT15;o__MBNT15;f__MBNT15;g__MBNT15	0.0002736315117780788
d__Bacteria;p__Proteobacteria;c__Gammaproteobacteria;o__Burkholderiales;f__Rhodocyclaceae;__	0.0002731117901996669
d__Bacteria;p__Patescibacteria;c__Gracilibacteria;o__Absconditabacteriales_(SR1);f__Absconditabacteriales_(SR1);g__Absconditabacteriales_(SR1)	0.0002695979876322725
d__Bacteria;p__Bacteroidota;c__Bacteroidia;o__Bacteroidales;f__GZKB124;g__GZKB124	0.00026257960052186523
d__Bacteria;p__Proteobacteria;c__Gammaproteobacteria;o__Burkholderiales;__;__	0.00025004874870469525
d__Bacteria;p__Bacteroidota;c__Bacteroidia;o__Bacteroidales;f__Rikenellaceae;g__S50_wastewater-sludge_group	0.00024570038155714835
d__Bacteria;p__Planctomycetota;c__Planctomycetes;o__Pirellulales;f__Pirellulaceae;g__Candidatus_Anammoximicrobium	0.00024341779536688114
d__Bacteria;p__Planctomycetota;c__Phycisphaerae;o__mle1-8;f__mle1-8;g__mle1-8	0.00023974571298100627
d__Bacteria;p__Firmicutes;c__Clostridia;o__Christensenellales;f__Christensenellaceae;g__Christensenellaceae_R-7_group	0.00023515371816955092
d__Bacteria;p__Desulfobacterota;c__Desulfuromonadia;o__Geobacterales;f__Geobacteraceae;__	0.0002338969824728623
d__Bacteria;p__Firmicutes;c__Clostridia;o__Peptostreptococcales-Tissierellales;f__Anaerovoracaceae;g__Anaerovorax	0.00022437896792791513
d__Bacteria;p__Hydrogenedentes;c__Hydrogenedentia;o__Hydrogenedentiales;f__Hydrogenedensaceae;g__Candidatus_Hydrogenedens	0.00022433643462165998
d__Bacteria;p__Bacteroidota;c__Bacteroidia;o__Bacteroidales;f__Rikenellaceae;g__Bact-08	0.00021360511738661815
d__Bacteria;p__Bacteroidota;c__Bacteroidia;o__Bacteroidales;f__Rikenellaceae;g__DMER64	0.00021066070564626152
d__Bacteria;p__Firmicutes;__;__;__;__	0.00020971162914350768
d__Bacteria;p__Bacteroidota;c__Bacteroidia;o__Bacteroidales;f__Prolixibacteraceae;g__Meniscus	0.00019514680479994502
d__Bacteria;p__Bacteroidota;c__Bacteroidia;o__Bacteroidales;f__Rikenellaceae;g__Rikenellaceae_RC9_gut_group	0.00019220652555888279
d__Bacteria;p__Bacteroidota;c__Bacteroidia;o__Flavobacteriales;f__NS9_marine_group;g__NS9_marine_group	0.00018804465861427665
d__Bacteria;p__Patescibacteria;c__ABY1;o__Candidatus_Falkowbacteria;f__Candidatus_Falkowbacteria;g__Candidatus_Falkowbacteria	0.00018630512071735625
d__Bacteria;p__uncultured;c__uncultured;o__uncultured;f__uncultured;g__uncultured	0.00017873312461947328
d__Bacteria;p__Desulfobacterota;c__Desulfobacteria;o__Desulfatiglandales;f__Desulfatiglandaceae;g__Desulfatiglans	0.00017761744291763186
d__Bacteria;p__Verrucomicrobiota;c__Verrucomicrobiae;o__Pedosphaerales;f__Pedosphaeraceae;g__ADurb.Bin118	0.0001743353601906855
d__Bacteria;p__Planctomycetota;c__Phycisphaerae;o__MSBL9;f__L21-RPul-D3;g__L21-RPul-D3	0.0001614115113386496
d__Bacteria;p__Cloacimonadota;c__Cloacimonadia;o__Cloacimonadales;f__Cloacimonadaceae;g__Candidatus_Cloacimonas	0.00016139765045398896
d__Bacteria;p__Desulfobacterota;c__Syntrophia;o__Syntrophales;f__uncultured;g__uncultured	0.000158444155005238
d__Bacteria;p__Spirochaetota;c__Spirochaetia;o__Spirochaetales;f__Spirochaetaceae;g__uncultured	0.00015736736833725783
d__Bacteria;p__Caldisericota;c__Caldisericia;o__Caldisericales;f__TTA-B1;g__TTA-B1	0.00015614984666137592
d__Bacteria;p__Chloroflexi;c__Anaerolineae;o__ADurb.Bin180;f__ADurb.Bin180;g__ADurb.Bin180	0.00015567656635220942
d__Bacteria;p__Desulfobacterota;c__Desulfobacteria;o__Desulfobacterales;f__Desulfosarcinaceae;__	0.00015464605356857838
d__Bacteria;p__Spirochaetota;c__Spirochaetia;o__Spirochaetales;f__Spirochaetaceae;g__M2PT2-76_termite_group	0.0001530861421040056
d__Bacteria;p__Spirochaetota;c__Leptospirae;o__Leptospirales;f__Leptospiraceae;g__RBG-16-49-21	0.00015075937818855416
d__Bacteria;p__Edwardsbacteria;c__Edwardsbacteria;o__Edwardsbacteria;f__Edwardsbacteria;g__Edwardsbacteria	0.00014780501313143025
d__Bacteria;p__Firmicutes;c__Clostridia;o__Clostridia;f__Hungateiclostridiaceae;g__Saccharofermentans	0.00013750374400645782
d__Bacteria;p__Chloroflexi;c__Anaerolineae;o__Ardenticatenales;f__uncultured;g__uncultured	0.0001337638629622407
d__Bacteria;p__Proteobacteria;c__Alphaproteobacteria;o__Micavibrionales;f__uncultured;g__uncultured	0.0001328820297664917
d__Bacteria;p__Verrucomicrobiota;c__Kiritimatiellae;o__WCHB1-41;f__WCHB1-41;g__WCHB1-41	0.00012935430821334076
d__Bacteria;p__Proteobacteria;c__Alphaproteobacteria;o__Rhizobiales;f__Hyphomicrobiaceae;g__Hyphomicrobium	0.0001138133187459201
d__Bacteria;p__Desulfobacterota;c__Syntrophia;o__Syntrophales;__;__	0.00011327591986991466
d__Bacteria;p__Actinobacteriota;c__Actinobacteria;o__Propionibacteriales;f__Propionibacteriaceae;g__uncultured	0.00010699165894986991
d__Bacteria;p__Spirochaetota;c__Spirochaetia;o__Spirochaetales;f__Spirochaetaceae;g__Spirochaeta	0.00010590974510444148
d__Bacteria;p__Actinobacteriota;c__WCHB1-81;o__WCHB1-81;f__WCHB1-81;g__WCHB1-81	0.0001058131891533411
d__Bacteria;p__Desulfobacterota;c__Desulfovibrionia;o__Desulfovibrionales;f__Desulfovibrionaceae;g__Desulfovibrio	0.00010437224945264591
d__Bacteria;p__Sumerlaeota;c__Sumerlaeia;o__uncultured;f__uncultured;g__uncultured	0.00010324767501515741
d__Bacteria;p__Patescibacteria;c__Parcubacteria;o__32-520;f__32-520;g__32-520	0.00010311196097238067
d__Bacteria;p__Caldatribacteriota;c__Caldatribacteriia;o__Caldatribacteriales;f__Caldatribacteriaceae;g__Candidatus_Caldatribacterium	0.00010007694499380701
d__Bacteria;p__Verrucomicrobiota;c__Verrucomicrobiae;o__Opitutales;f__Opitutaceae;__	9.628990740600205e-05
d__Bacteria;p__Planctomycetota;c__Planctomycetes;o__Planctomycetales;f__Rubinisphaeraceae;g__SH-PL14	9.499869373080144e-05
d__Bacteria;p__Patescibacteria;c__Microgenomatia;o__Candidatus_Shapirobacteria;f__Candidatus_Shapirobacteria;g__Candidatus_Shapirobacteria	9.426575216843304e-05
d__Bacteria;p__Firmicutes;c__Clostridia;o__Clostridia;f__Hungateiclostridiaceae;g__Ercella	8.464199514477365e-05
d__Bacteria;p__Chloroflexi;c__Anaerolineae;o__SBR1031;f__SBR1031;g__SBR1031	8.10553673510042e-05
d__Bacteria;p__Firmicutes;c__Bacilli;__;__;__	8.040758563565938e-05
d__Bacteria;p__Patescibacteria;c__Parcubacteria;o__Candidatus_Nomurabacteria;f__Candidatus_Nomurabacteria;g__Candidatus_Nomurabacteria	7.79633137340905e-05
d__Bacteria;p__Myxococcota;c__Polyangia;o__Haliangiales;f__Haliangiaceae;g__Haliangium	7.480266789027785e-05
d__Bacteria;p__Modulibacteria;c__Moduliflexia;o__Moduliflexales;f__Moduliflexaceae;g__Moduliflexaceae	6.760665683561607e-05
d__Bacteria;p__Sva0485;c__Sva0485;o__Sva0485;f__Sva0485;g__Sva0485	6.489435155900316e-05
d__Bacteria;p__Patescibacteria;c__WWE3;o__WWE3;f__WWE3;g__WWE3	6.306569251013328e-05
d__Bacteria;p__Firmicutes;c__Clostridia;o__Oscillospirales;f__Oscillospirales;g__Hydrogenoanaerobacterium	6.288036073704041e-05
d__Bacteria;p__Bacteroidota;c__Bacteroidia;o__Bacteroidales;f__SB-5;g__SB-5	6.180533133027137e-05
d__Bacteria;p__Planctomycetota;c__Planctomycetes;o__Pirellulales;f__Pirellulaceae;g__Pirellula	6.0041510495624014e-05
d__Bacteria;p__Verrucomicrobiota;c__Verrucomicrobiae;o__Verrucomicrobiales;f__Verrucomicrobiaceae;g__uncultured	5.995192489891669e-05
d__Bacteria;p__Spirochaetota;c__Leptospirae;o__Leptospirales;f__Leptospiraceae;g__uncultured	5.7942620314612754e-05
d__Bacteria;p__Chloroflexi;c__Anaerolineae;o__Thermoflexales;f__Thermoflexaceae;g__Thermoflexus	5.2765201772741365e-05
d__Bacteria;p__Firmicutes;c__Clostridia;o__Clostridia;f__Hungateiclostridiaceae;__	5.222100436480006e-05
d__Bacteria;p__Patescibacteria;c__Parcubacteria;o__Candidatus_Vogelbacteria;f__Candidatus_Vogelbacteria;g__Candidatus_Vogelbacteria	4.894836932598839e-05
d__Bacteria;p__Elusimicrobiota;c__Elusimicrobia;o__Lineage_IV;f__Lineage_IV;g__Lineage_IV	4.644250594404493e-05
d__Bacteria;p__Proteobacteria;c__Alphaproteobacteria;__;__;__	4.431685379686466e-05
d__Bacteria;p__Firmicutes;c__Clostridia;o__Clostridia;f__Hungateiclostridiaceae;g__Ruminiclostridium	4.4155714878050074e-05
d__Bacteria;p__Bacteroidota;c__Bacteroidia;o__Bacteroidales;f__Paludibacteraceae;g__Paludibacter	4.3934182628397746e-05
d__Bacteria;p__Proteobacteria;c__Alphaproteobacteria;o__Azospirillales;f__Azospirillales_Incertae_Sedis;g__Stella	3.856511657867064e-05
d__Bacteria;p__Myxococcota;c__Polyangia;o__Polyangiales;f__Phaselicystidaceae;g__Phaselicystis	3.711825922255916e-05
d__Bacteria;p__Verrucomicrobiota;c__Omnitrophia;o__Omnitrophales;f__Omnitrophaceae;g__Candidatus_Omnitrophus	3.6582554773524594e-05
d__Bacteria;p__Planctomycetota;c__Phycisphaerae;o__Pla1_lineage;f__Pla1_lineage;g__Pla1_lineage	3.657254643803093e-05
d__Bacteria;p__Bacteroidota;c__Bacteroidia;o__Bacteroidales;f__Dysgonomonadaceae;g__Dysgonomonadaceae	3.5946188745666575e-05
d__Bacteria;p__Actinobacteriota;c__Actinobacteria;o__Micrococcales;f__Intrasporangiaceae;__	3.240454870332926e-05
d__Bacteria;p__SAR324_clade(Marine_group_B);c__SAR324_clade(Marine_group_B);o__SAR324_clade(Marine_group_B);f__SAR324_clade(Marine_group_B);g__SAR324_clade(Marine_group_B)	2.1897350313573455e-05
d__Bacteria;p__FW113;c__FW113;o__FW113;f__FW113;g__FW113	1.733116804768223e-05
d__Bacteria;p__Bacteroidota;c__Bacteroidia;o__Flavobacteriales;f__Weeksellaceae;g__Cloacibacterium	1.5071150300509941e-05
d__Bacteria;p__Proteobacteria;c__Alphaproteobacteria;o__Rhizobiales;f__A0839;g__A0839	1.2265597608535888e-05
d__Bacteria;p__Verrucomicrobiota;c__Chlamydiae;o__Chlamydiales;f__Parachlamydiaceae;__	1.146404073504744e-05
d__Bacteria;p__Proteobacteria;c__Gammaproteobacteria;o__Xanthomonadales;f__Rhodanobacteraceae;g__uncultured	1.03986777602407e-06
d__Bacteria;p__Patescibacteria;c__Parcubacteria;o__Candidatus_Nealsonbacteria;f__Candidatus_Nealsonbacteria;g__Candidatus_Nealsonbacteria	1.0306245069036278e-06
d__Bacteria;p__Spirochaetota;c__Brevinematia;o__Brevinematales;f__Brevinemataceae;g__Brevinema	0.0
d__Bacteria;p__Proteobacteria;c__Alphaproteobacteria;o__Caedibacterales;f__Caedibacteraceae;g__uncultured	0.0
